<?xml version="1.0" encoding="utf-8" ?>
<Defs>

<!-- CorpseServer series -->

	<ThingDef ParentName="BuildingBase" Name="DCS_CorpseServer" Abstract="True">
			<altitudeLayer>Building</altitudeLayer>
			<passability>PassThroughOnly</passability>
			<fillPercent>0.5</fillPercent>
			<canOverlapZones>false</canOverlapZones>
			<pathCost>60</pathCost>
			<statBases>
			  <MaxHitPoints>100</MaxHitPoints>
			  <WorkToBuild>1800</WorkToBuild>
			  <Mass>40</Mass>
			  <Flammability>0.5</Flammability>
			</statBases>
			<rotatable>false</rotatable>
			<size>(1,1)</size>
			<designationCategory>Misc</designationCategory>
			<minifiedDef>MinifiedThing</minifiedDef>
			<thingCategories>
				<li>BuildingsMisc</li>
			</thingCategories>
			<placeWorkers>
				<li>PlaceWorker_ShowFacilitiesConnections</li>
			</placeWorkers>
	</ThingDef>


  
  	<ThingDef ParentName="DCS_CorpseServer">
		<defName>HandyCorpse</defName>
		<label>Handy Corpse</label>
		<description>Use the mechanical system to turn a corpse to an semi-auto handyman. It's only intelligent enough to assist workers by handing tools or materials repeatedly.(MAX 2)</description>
		<graphicData>
		  <texPath>Things/Building/HandyCorpse</texPath>
		  <graphicClass>Graphic_Single</graphicClass>
		  <drawSize>(1,2)</drawSize>
		  <damageData>
			<cornerTL>Damage/Corner</cornerTL>
			<cornerTR>Damage/Corner</cornerTR>
			<cornerBL>Damage/Corner</cornerBL>
			<cornerBR>Damage/Corner</cornerBR>
		  </damageData>
		</graphicData>
		<costList>
		  <Steel>60</Steel>
		  <ComponentIndustrial>2</ComponentIndustrial>
		  <AntisepticCorpse>1</AntisepticCorpse>
		  <ProgrammedMemoryDisk>1</ProgrammedMemoryDisk>
		</costList>
		<researchPrerequisites>
		  <li>CorpseServers</li>
		</researchPrerequisites>
		<constructionSkillPrerequisite>7</constructionSkillPrerequisite>
		<comps>
		<li Class="CompProperties_Flickable"/>
		<li Class="CompProperties_Facility">
			<statOffsets>
				<WorkTableWorkSpeedFactor>0.10</WorkTableWorkSpeedFactor>
			</statOffsets>
			<maxSimultaneous>2</maxSimultaneous>
		</li>
		<li Class="CompProperties_Power">
			<compClass>CompPowerTrader</compClass>
			<basePowerConsumption>40</basePowerConsumption>
		</li>
		</comps>
	</ThingDef>
	
	<ThingDef ParentName="DCS_CorpseServer">
		<defName>CorpseButcher</defName>
		<label>Corpse Butcher</label>
		<description>These half-corpse-half-robot things are angry about being dead, we can utilize those by letting them cut some dead bodies and vegetables. They get vent,and we get meals.(MAX 1)</description>
		<graphicData>
		  <texPath>Things/Building/CorpseButcher</texPath>
		  <graphicClass>Graphic_Single</graphicClass>
		  <drawSize>(1,2)</drawSize>
		  <damageData>
			<cornerTL>Damage/Corner</cornerTL>
			<cornerTR>Damage/Corner</cornerTR>
			<cornerBL>Damage/Corner</cornerBL>
			<cornerBR>Damage/Corner</cornerBR>
		  </damageData>
		</graphicData>
		<costList>
		  <Steel>60</Steel>
		  <ComponentIndustrial>2</ComponentIndustrial>
		  <AntisepticCorpse>1</AntisepticCorpse>
		  <ProgrammedMemoryDisk>1</ProgrammedMemoryDisk>
		</costList>
		<researchPrerequisites>
		  <li>CorpseServers</li>
		</researchPrerequisites>
		<constructionSkillPrerequisite>7</constructionSkillPrerequisite>
		<comps>
		<li Class="CompProperties_Flickable"/>
		<li Class="CompProperties_Facility">
			<statOffsets>
				<WorkTableWorkSpeedFactor>0.2</WorkTableWorkSpeedFactor>
			</statOffsets>
			<maxSimultaneous>1</maxSimultaneous>
		</li>
		<li Class="CompProperties_Power">
			<compClass>CompPowerTrader</compClass>
			<basePowerConsumption>55</basePowerConsumption>
		</li>
		</comps>
	</ThingDef>
	
	<ThingDef ParentName="DCS_CorpseServer">
		<defName>MeatGrinderDCS</defName>
		<label>Meat Grinder</label>
		<description>A corpse robot which work with meat grinders. Can boost the working speed of butcher table. Sometime this simpleton will accidentally grind it's fingers into the meats. But don't worry about it, they are meats either.(MAX 1)</description>
		<graphicData>
		  <texPath>Things/Building/MeatGrinderDCS</texPath>
		  <graphicClass>Graphic_Single</graphicClass>
		  <drawSize>(2,2)</drawSize>
		  <damageData>
			<cornerTL>Damage/Corner</cornerTL>
			<cornerTR>Damage/Corner</cornerTR>
			<cornerBL>Damage/Corner</cornerBL>
			<cornerBR>Damage/Corner</cornerBR>
		  </damageData>
		</graphicData>
		<size>(2,1)</size>
		<costList>
		  <Steel>100</Steel>
		  <ComponentIndustrial>4</ComponentIndustrial>
		  <AntisepticCorpse>1</AntisepticCorpse>
		  <ProgrammedMemoryDisk>1</ProgrammedMemoryDisk>
		</costList>
		<researchPrerequisites>
		  <li>IntelligentServers</li>
		</researchPrerequisites>
		<constructionSkillPrerequisite>9</constructionSkillPrerequisite>
		<comps>
		<li Class="CompProperties_Flickable"/>
		<li Class="CompProperties_Facility">
			<statOffsets>
				<WorkTableWorkSpeedFactor>0.4</WorkTableWorkSpeedFactor>
			</statOffsets>
			<maxSimultaneous>1</maxSimultaneous>
		</li>
		<li Class="CompProperties_Power">
			<compClass>CompPowerTrader</compClass>
			<basePowerConsumption>80</basePowerConsumption>
		</li>
		</comps>
	</ThingDef>
	
	<ThingDef ParentName="DCS_CorpseServer">
		<defName>StoneSawerDCS</defName>
		<label>Stone Sawer</label>
		<description>A corpse robot which work with a stone-sawing machine. Can boost the working speed of Stone-cutting table. Sometime this simpleton will accidentally saw off it's fingers. But don't worry about it, it's not your finger.(MAX 1)</description>
		<graphicData>
		  <texPath>Things/Building/StoneSawerDCS</texPath>
		  <graphicClass>Graphic_Single</graphicClass>
		  <drawSize>(2,2)</drawSize>
		  <damageData>
			<cornerTL>Damage/Corner</cornerTL>
			<cornerTR>Damage/Corner</cornerTR>
			<cornerBL>Damage/Corner</cornerBL>
			<cornerBR>Damage/Corner</cornerBR>
		  </damageData>
		</graphicData>
		<size>(2,1)</size>
		<costList>
		  <Steel>100</Steel>
		  <ComponentIndustrial>4</ComponentIndustrial>
		  <AntisepticCorpse>1</AntisepticCorpse>
		  <ProgrammedMemoryDisk>1</ProgrammedMemoryDisk>
		</costList>
		<researchPrerequisites>
		  <li>IntelligentServers</li>
		</researchPrerequisites>
		<constructionSkillPrerequisite>9</constructionSkillPrerequisite>
		<comps>
		<li Class="CompProperties_Flickable"/>
		<li Class="CompProperties_Facility">
			<statOffsets>
				<WorkTableWorkSpeedFactor>0.4</WorkTableWorkSpeedFactor>
			</statOffsets>
			<maxSimultaneous>1</maxSimultaneous>
		</li>
		<li Class="CompProperties_Power">
			<compClass>CompPowerTrader</compClass>
			<basePowerConsumption>80</basePowerConsumption>
		</li>
		</comps>
	</ThingDef>	
	
	<ThingDef ParentName="DCS_CorpseServer">
		<defName>InspirationBulb</defName>
		<label>Inspiration Bulb</label>
		<description>We all know that when people get ideas, there's always sinning bulbs above their heads. Not only can the inspiration bulb provide light, but also offer buff for research.(MAX 2)</description>
		<graphicData>
		  <texPath>Things/Building/InspirationBulb</texPath>
		  <graphicClass>Graphic_Single</graphicClass>
		  <drawSize>(1,2)</drawSize>
		  <damageData>
			<cornerTL>Damage/Corner</cornerTL>
			<cornerTR>Damage/Corner</cornerTR>
			<cornerBL>Damage/Corner</cornerBL>
			<cornerBR>Damage/Corner</cornerBR>
		  </damageData>
		</graphicData>
		<costList>
		  <Steel>30</Steel>
		  <Plasteel>10</Plasteel>
		  <AntisepticCorpse>1</AntisepticCorpse>
		  <ComponentSpacer>1</ComponentSpacer>
		  <ProgrammedMemoryDisk>1</ProgrammedMemoryDisk>
		</costList>
		<researchPrerequisites>
		  <li>IntelligentServers</li>
		</researchPrerequisites>
		<constructionSkillPrerequisite>11</constructionSkillPrerequisite>
		<comps>
		<li Class="CompProperties_Flickable"/>
		<li Class="CompProperties_Facility">
			<statOffsets>
			  <ResearchSpeedFactor>0.12</ResearchSpeedFactor>
			</statOffsets>
			<maxSimultaneous>2</maxSimultaneous>
		</li>
		<li Class="CompProperties_Glower">
			<glowRadius>12</glowRadius>
			<glowColor>(217,217,208,0)</glowColor>
		</li>
		<li Class="CompProperties_Power">
			<compClass>CompPowerTrader</compClass>
			<basePowerConsumption>40</basePowerConsumption>
		</li>
		</comps>
  </ThingDef>
	
	
	<ThingDef ParentName="DCS_CorpseServer">
		<defName>DeathMonitor</defName>
		<label>Death Monitor</label>
		<description>No one can understand death more than someone who has actually been through the death. This intelligent corpse can sense the smell of death and monitor the vital signs of patients days and nights. It will also help with nursing and first aid if necessary.(MAX 1)</description>
		<graphicData>
		  <texPath>Things/Building/DeathMonitor</texPath>
		  <graphicClass>Graphic_Single</graphicClass>
		  <drawSize>(1,2)</drawSize>
		  <damageData>
			<cornerTL>Damage/Corner</cornerTL>
			<cornerTR>Damage/Corner</cornerTR>
			<cornerBL>Damage/Corner</cornerBL>
			<cornerBR>Damage/Corner</cornerBR>
		  </damageData>
		</graphicData>
		<costList>
		  <Steel>30</Steel>
		  <MedicineIndustrial>5</MedicineIndustrial>
		  <AntisepticCorpse>1</AntisepticCorpse>
		  <ComponentSpacer>1</ComponentSpacer>
		  <ProgrammedMemoryDisk>1</ProgrammedMemoryDisk>
		</costList>
		<researchPrerequisites>
		  <li>IntelligentServers</li>
		</researchPrerequisites>
		<constructionSkillPrerequisite>11</constructionSkillPrerequisite>
		<comps>
		<li Class="CompProperties_Flickable"/>
		<li Class="CompProperties_Facility">
			<statOffsets>
				<ImmunityGainSpeedFactor>0.07</ImmunityGainSpeedFactor>
				<SurgerySuccessChanceFactor>0.05</SurgerySuccessChanceFactor>
				<MedicalTendQualityOffset>0.07</MedicalTendQualityOffset>
			</statOffsets>
			<maxSimultaneous>1</maxSimultaneous>
			<mustBePlacedAdjacent>true</mustBePlacedAdjacent>
		</li>
		<li Class="CompProperties_Power">
			<compClass>CompPowerTrader</compClass>
			<basePowerConsumption>65</basePowerConsumption>
		</li>
		</comps>
	</ThingDef>

</Defs>