<?xml version="1.0" encoding="utf-8" ?>
<Defs>
	
	<RecipeDef>
		<defName>TakeBloodFromCorpse</defName>
		<label>draw blood from corpse</label>
		<description>Blood is unnecessary for a dead body, but essential for the living one.</description>
		<jobString>drawing blood from Corpse.</jobString>
		<workAmount>400</workAmount>
		<workSpeedStat>ButcheryFleshSpeed</workSpeedStat>
		<effectWorking>ButcherFlesh</effectWorking>
		<soundWorking>Recipe_ButcherCorpseFlesh</soundWorking>
		<autoStripCorpses>true</autoStripCorpses>
		<workSkill>Medicine</workSkill>
		<workSkillLearnFactor>0.55</workSkillLearnFactor>
		<skillRequirements> 
			<Medicine>5</Medicine>
        </skillRequirements>
		<ingredients>
			<li>
				<filter>
					<categories>
						<li>CorpsesHumanlike</li>
					</categories>
				</filter>
				<count>1</count>
			</li>
		</ingredients>
		<fixedIngredientFilter>
			<categories>
				<li>CorpsesHumanlike</li>
			</categories>
			<specialFiltersToDisallow>
				<li>AllowRotten</li>
			</specialFiltersToDisallow>
		</fixedIngredientFilter>
		<defaultIngredientFilter>
			<thingDefs>
				<li>Corpse_Human</li>
			</thingDefs>
			<specialFiltersToAllow>
				<li>AllowCorpsesStranger</li>
			</specialFiltersToAllow>
		</defaultIngredientFilter>
		<products>
			<BloodBag>2</BloodBag>
		</products>
		<recipeUsers>
			<li>DrugLab</li>
		</recipeUsers>
		<researchPrerequisite>
			<li>CorpseMedicine</li>
		</researchPrerequisite>
	</RecipeDef>
	
	<RecipeDef>
		<defName>ExperimentOnCorpse</defName>
		<label>experiment on corpse</label>
		<description>If you want to train your skill about saving people, you would better train it on a human's body.</description>
		<jobString>Doing experiments on corpse.</jobString>
		<workAmount>1500</workAmount>
		<workSpeedStat>ButcheryFleshSpeed</workSpeedStat>
		<effectWorking>ButcherFlesh</effectWorking>
		<soundWorking>Recipe_ButcherCorpseFlesh</soundWorking>
		<autoStripCorpses>true</autoStripCorpses>
		<workSkill>Medicine</workSkill>
		<workSkillLearnFactor>6.5</workSkillLearnFactor>
		<ingredients>
			<li>
				<filter>
					<categories>
						<li>CorpsesHumanlike</li>
					</categories>
				</filter>
				<count>1</count>
			</li>
			<li>
				<filter>
					<thingDefs>
						<li>MedicineIndustrial</li>
					</thingDefs>
				</filter>
				<count>1</count>
			</li>
		</ingredients>
		<fixedIngredientFilter>
			<specialFiltersToDisallow>
				<li>AllowRotten</li>
			</specialFiltersToDisallow>
		</fixedIngredientFilter>
		<defaultIngredientFilter>
			<specialFiltersToAllow>
				<li>AllowCorpsesStranger</li>
			</specialFiltersToAllow>
		</defaultIngredientFilter>
		<recipeUsers>
			<li>DrugLab</li>
		</recipeUsers>
		<researchPrerequisite>
			<li>CorpseMedicine</li>
		</researchPrerequisite>
	</RecipeDef>
	
	<RecipeDef>
		<defName>MakeAntisepticCorpse</defName>
		<label>make Antiseptic Corpse</label>
		<description>To make an corpse filled with herbs and wrapped by cloth.Sounds like mummy,but it's better. Whenever you remove the cloth, you will still get a body without decay and dehydration.</description>
		<jobString>making antiseptic corpse.</jobString>
		<workAmount>750</workAmount>
		<workSpeedStat>ButcheryFleshSpeed</workSpeedStat>
		<effectWorking>ButcherFlesh</effectWorking>
		<soundWorking>Recipe_ButcherCorpseFlesh</soundWorking>
		<autoStripCorpses>true</autoStripCorpses>
		<workSkill>Medicine</workSkill>
		<workSkillLearnFactor>1.15</workSkillLearnFactor>
		<skillRequirements> 
			<Medicine>7</Medicine>
        </skillRequirements>
		<ingredients>
			<li>
				<filter>
					<categories>
						<li>CorpsesHumanlike</li>
					</categories>
				</filter>
				<count>1</count>
			</li>
		  <li>
			<filter>
			  <thingDefs>
				<li>Cloth</li>
			  </thingDefs>
			</filter>
			<count>8</count>
		  </li>
		  <li>
			<filter>
			  <thingDefs>
				<li>MedicineHerbal</li>
			  </thingDefs>
			</filter>
			<count>3</count>
		  </li>
		</ingredients>
		<fixedIngredientFilter>
			<categories>
				<li>CorpsesHumanlike</li>
			</categories>
		<specialFiltersToDisallow>
			<li>AllowRotten</li>
		</specialFiltersToDisallow>
		</fixedIngredientFilter>
		<defaultIngredientFilter>
			<thingDefs>
				<li>Corpse_Human</li>
			</thingDefs>
			<specialFiltersToAllow>
<!-- 				<li>AllowCorpsesColonist</li> -->
				<li>AllowCorpsesStranger</li>
			</specialFiltersToAllow>
		</defaultIngredientFilter>
		<products>
			<AntisepticCorpse>1</AntisepticCorpse>
			<BloodBag>1</BloodBag>
		</products>
		<researchPrerequisite>CorpseAntisepsis</researchPrerequisite>
		<recipeUsers>
			<li>DrugLab</li>
		</recipeUsers>
	</RecipeDef>
	
	<RecipeDef>
		<defName>MakeAntisepticCorpseBT</defName>
		<label>Make Antiseptic Corpse</label>
		<description>To make an corpse filled with herbs and wrapped by cloth on the purpose of antisepsis. This should be processed in a cleaner and more professional bench like druglab, anyway you can still produce here with higher cost and longer time.</description>
		<jobString>making antiseptic corpse.</jobString>
		<workAmount>1050</workAmount>
		<workSpeedStat>ButcheryFleshSpeed</workSpeedStat>
		<effectWorking>ButcherFlesh</effectWorking>
		<soundWorking>Recipe_ButcherCorpseFlesh</soundWorking>
		<autoStripCorpses>true</autoStripCorpses>
		<workSkill>Medicine</workSkill>
		<workSkillLearnFactor>1</workSkillLearnFactor>
		<skillRequirements> 
			<Medicine>7</Medicine>
        </skillRequirements>
		<ingredients>
			<li>
				<filter>
					<categories>
						<li>CorpsesHumanlike</li>
					</categories>
				</filter>
				<count>1</count>
			</li>
		  <li>
			<filter>
			  <thingDefs>
				<li>Cloth</li>
			  </thingDefs>
			</filter>
			<count>10</count>
		  </li>
		  <li>
			<filter>
			  <thingDefs>
				<li>MedicineHerbal</li>
			  </thingDefs>
			</filter>
			<count>5</count>
		  </li>
		</ingredients>
		<fixedIngredientFilter>
			<categories>
				<li>CorpsesHumanlike</li>
			</categories>
		<specialFiltersToDisallow>
			<li>AllowRotten</li>
		</specialFiltersToDisallow>
		</fixedIngredientFilter>
		<defaultIngredientFilter>
			<thingDefs>
				<li>Corpse_Human</li>
			</thingDefs>
			<specialFiltersToAllow>
				<li>AllowCorpsesStranger</li>
			</specialFiltersToAllow>
		</defaultIngredientFilter>
		<products>
			<AntisepticCorpse>1</AntisepticCorpse>
		</products>
		<researchPrerequisite>CorpseAntisepsis</researchPrerequisite>
		<recipeUsers>
			<li>TableButcher</li>
		</recipeUsers>
	</RecipeDef>
	
	<RecipeDef>
		<defName>MakeTrainedMechanites</defName>
		<label>Train Mechanites In Corpse</label>
		<description>We know that Luciferium can fix body because of the nano robots which called "Mechanites" inside. First,connect the Mechanites in the Luciferium with the consciousness from some dead doctors or medicine scientists. Second,inject the Mechanites into a fresh dead body. Then through the controlled Intelligence inside them,we can train them about finishing job without messing the body up. Last,collect and replenish the mechanites by nano techs from the glitterworld's medicine.</description>
		<jobString>Training Mechanites</jobString>
		<workAmount>9550</workAmount>
		<workSpeedStat>DrugSynthesisSpeed</workSpeedStat>
		<effectWorking>Cook</effectWorking>
		<soundWorking>Recipe_Machining</soundWorking>
		<unfinishedThingDef>UnfinishedComponent</unfinishedThingDef>
		<ingredients>
			<li>
				<filter>
					<thingDefs>
						<li>ProgrammedMemoryDisk</li>
					</thingDefs>
				</filter>
				<count>1</count>
			</li>
			<li>
				<filter>
					<thingDefs>
						<li>Luciferium</li>
					</thingDefs>
				</filter>
				<count>3</count>
			</li>
			<li>
				<filter>
					<thingDefs>
						<li>MedicineUltratech</li>
					</thingDefs>
				</filter>
				<count>1</count>
			</li>
			<li>
				<filter>
					<categories>
						<li>Corpses</li>
					</categories>
				</filter>
				<count>1</count>
			</li>
		</ingredients>
		<fixedIngredientFilter>
			<categories>
				<li>Corpses</li>
			</categories>
			<disallowedCategories>
				<li>CorpsesMechanoid</li>
				<li>CorpsesAnimal</li>
			</disallowedCategories>
			<specialFiltersToDisallow>
				<li>AllowRotten</li>
			</specialFiltersToDisallow>
		</fixedIngredientFilter>
		<products>
			<TrainedMechanites>1</TrainedMechanites>
		</products>
		<skillRequirements>
			<Crafting>6</Crafting>
			<Intellectual>12</Intellectual>
			<Medicine>15</Medicine>
		</skillRequirements>
		<researchPrerequisite>MechaniteTraining</researchPrerequisite>
		<workSkill>Crafting</workSkill>
		<recipeUsers>
			<li>DrugLab</li>
		</recipeUsers>
	</RecipeDef>
	
	<RecipeDef>
		<defName>TrainedMechanitesFromHealerSerum</defName>
		<label>Train Mechanites From HealerSerum </label>
		<description>We know that Healer MechSerum can fix body because of the nano robots which called "Mechanites" inside and they are more safer than than their same kind in the Luciferium. We just need to extract them from the serum then reset or adjust their functions. By connecting them with the consciousness from some dead doctors or medicine scientists, we can change their working principle more faster. Last,replenish the mechanites by nano techs from the glitterworld's medicine.</description>
		<jobString>Training Mechanites</jobString>
		<workAmount>12550</workAmount>
		<workSpeedStat>DrugSynthesisSpeed</workSpeedStat>
		<effectWorking>Cook</effectWorking>
		<soundWorking>Recipe_Machining</soundWorking>
		<unfinishedThingDef>UnfinishedComponent</unfinishedThingDef>
		<ingredients>
			<li>
				<filter>
					<thingDefs>
						<li>MechSerumHealer</li>
					</thingDefs>
				</filter>
				<count>1</count>
			</li>
			<li>
				<filter>
					<thingDefs>
						<li>ProgrammedMemoryDisk</li>
					</thingDefs>
				</filter>
				<count>2</count>
			</li>
			<li>
				<filter>
					<thingDefs>
						<li>MedicineUltratech</li>
					</thingDefs>
				</filter>
				<count>2</count>
			</li>
		</ingredients>
		<fixedIngredientFilter>
			<specialFiltersToDisallow>
				<li>AllowRotten</li>
			</specialFiltersToDisallow>
		</fixedIngredientFilter>
		<products>
			<TrainedMechanites>2</TrainedMechanites>
		</products>
		<skillRequirements>
			<Crafting>6</Crafting>
			<Intellectual>13</Intellectual>
			<Medicine>13</Medicine>
		</skillRequirements>
		<researchPrerequisite>MechaniteTraining</researchPrerequisite>
		<workSkill>Crafting</workSkill>
		<recipeUsers>
			<li>FabricationBench</li>
		</recipeUsers>
	</RecipeDef>
	
	
	<RecipeDef>
		<defName>FormAntisepticCorpses</defName>
		<label>Form Antiseptic Corpses</label>
		<description>Remove the safe restrictions of the mechanites and boost them up to their highest efficiency. The only job they need to finish is reconstructing some meats to fake human-like bodies. Don't need to care about the side effects or collateral damages because the subjects are only corpses.</description>
		<jobString>forming antiseptic corpses.</jobString>
		<workAmount>3550</workAmount>
		<workSpeedStat>DrugSynthesisSpeed</workSpeedStat>
		<effectWorking>ButcherFlesh</effectWorking>
		<soundWorking>Recipe_ButcherCorpseFlesh</soundWorking>
		<workSkill>Medicine</workSkill>
		<workSkillLearnFactor>1</workSkillLearnFactor>
		<skillRequirements> 
			<Medicine>7</Medicine>
        </skillRequirements>
		<ingredients>
			<li>
				<filter>
					<categories>
						<li>MeatRaw</li>
					</categories>
				</filter>
				<count>160</count>
			</li>
			<li>
				<filter>
					<thingDefs>
						<li>Cloth</li>
					</thingDefs>
				</filter>
				<count>15</count>
			</li>
				<li>
					<filter>
						<thingDefs>
							<li>MedicineHerbal</li>
						</thingDefs>
					</filter>
				<count>8</count>
			</li>
			<li>
				<filter>
					<thingDefs>
						<li>TrainedMechanites</li>
					</thingDefs>
				</filter>
				<count>1</count>
			</li>
		</ingredients>
		<products>
			<AntisepticCorpse>4</AntisepticCorpse>
		</products>
		<researchPrerequisite>MechaniteTraining</researchPrerequisite>
		<recipeUsers>
			<li>DrugLab</li>
		</recipeUsers>
	</RecipeDef>
	
	<RecipeDef>
		<defName>AdvancedAnatomy</defName>
		<label>Advanced Anatomy</label>
		<description>The difficulty of organs harvest is that it's always too late to do it. But now, we can use the Mechanites to fix the broken organs and use the neural signals in MemoryDisks to awake the inactivated organs. Just make sure the corpse stay fresh, then you can get a full set.</description>
		<jobString>harvesting organs from corpse.</jobString>
		<workAmount>3750</workAmount>
		<workSpeedStat>ButcheryFleshSpeed</workSpeedStat>
		<effectWorking>ButcherFlesh</effectWorking>
		<soundWorking>Recipe_ButcherCorpseFlesh</soundWorking>
		<autoStripCorpses>true</autoStripCorpses>
		<workSkill>Medicine</workSkill>
		<workSkillLearnFactor>1.15</workSkillLearnFactor>
		<skillRequirements> 
			<Medicine>15</Medicine>
        </skillRequirements>
		<ingredients>
			<li>
				<filter>
					<categories>
						<li>CorpsesHumanlike</li>
					</categories>
				</filter>
				<count>1</count>
			</li>
			<li>
				<filter>
					<thingDefs>
						<li>TrainedMechanites</li>
					</thingDefs>
				</filter>
			<count>1</count>
			</li>
			<li>
				<filter>
					<thingDefs>
						<li>ProgrammedMemoryDisk</li>
					</thingDefs>
				</filter>
				<count>1</count>
			</li>
			<li>
				<filter>
					<thingDefs>
						<li>MedicineUltratech</li>
					</thingDefs>
				</filter>
				<count>1</count>
			</li>
		</ingredients>
		<fixedIngredientFilter>
			<categories>
				<li>CorpsesHumanlike</li>
			</categories>
		<specialFiltersToDisallow>
			<li>AllowRotten</li>
		</specialFiltersToDisallow>
		</fixedIngredientFilter>
		<defaultIngredientFilter>
			<thingDefs>
				<li>Corpse_Human</li>
			</thingDefs>
			<specialFiltersToAllow>
				<li>AllowCorpsesStranger</li>
			</specialFiltersToAllow>
		</defaultIngredientFilter>
		<products>
			<Heart>1</Heart>
			<Lung>1</Lung>
			<Kidney>1</Kidney>
			<Liver>1</Liver>
			<BloodBag>1</BloodBag>
		</products>
		<researchPrerequisite>MechaniteTraining</researchPrerequisite>
		<recipeUsers>
			<li>DrugLab</li>
		</recipeUsers>
	</RecipeDef>

	<RecipeDef>
		<defName>MakeMechSerumHealerDCS</defName>
		<label>Make Healer MechSerum</label>
		<description>First,reprogram the trained mechanites to a safer healer mode and erase most of the codes which will cause deadly addiction. Meanwhile,their healing efficiency will be also reduced,so we combine them with Glitterworld's medicine to compensate. Finally,we can get an imitated Healer MechSerum.</description>
		<jobString>Making Healer MechSerum</jobString>
		<workAmount>12550</workAmount>
		<workSpeedStat>SmithingSpeed</workSpeedStat>
		<effectWorking>Cook</effectWorking>
		<soundWorking>Recipe_Machining</soundWorking>
		<unfinishedThingDef>UnfinishedComponent</unfinishedThingDef>
		<ingredients>
			<li>
				<filter>
					<thingDefs>
						<li>TrainedMechanites</li>
					</thingDefs>
				</filter>
				<count>2</count>
			</li>
			<li>
				<filter>
					<thingDefs>
						<li>ComponentSpacer</li>
					</thingDefs>
				</filter>
				<count>2</count>
			</li>
			<li>
				<filter>
					<thingDefs>
						<li>MedicineUltratech</li>
					</thingDefs>
				</filter>
				<count>2</count>
			</li>
		</ingredients>
		<products>
			<MechSerumHealer>1</MechSerumHealer>
		</products>
		<skillRequirements>
			<Crafting>14</Crafting>
			<Intellectual>8</Intellectual>
			<Medicine>8</Medicine>
		</skillRequirements>
		<researchPrerequisite>MechaniteApplication</researchPrerequisite>
		<workSkill>Crafting</workSkill>
		<recipeUsers>
			<li>FabricationBench</li>
		</recipeUsers>
	</RecipeDef>
	
	<RecipeDef>
		<defName>MakeMechSerumResurrectorDCS</defName>
		<label>Make Resurrector MechSerum</label>
		<description>The technology of producting Resurrector is similar to producting Healer MechSerum.Of course, it will need more mechanites and medicine. And there will be one more extra step of reminding the resurrected body how to live again by the memories from the dead.</description>
		<jobString>Making Resurrector MechSerum</jobString>
		<workAmount>12550</workAmount>
		<workSpeedStat>SmithingSpeed</workSpeedStat>
		<effectWorking>Cook</effectWorking>
		<soundWorking>Recipe_Machining</soundWorking>
		<unfinishedThingDef>UnfinishedComponent</unfinishedThingDef>
		<ingredients>
			<li>
				<filter>
					<thingDefs>
						<li>TrainedMechanites</li>
					</thingDefs>
				</filter>
				<count>3</count>
			</li>
			<li>
				<filter>
					<thingDefs>
						<li>ComponentSpacer</li>
					</thingDefs>
				</filter>
				<count>2</count>
			</li>
			<li>
				<filter>
					<thingDefs>
						<li>MedicineUltratech</li>
					</thingDefs>
				</filter>
				<count>3</count>
			</li>
			<li>
				<filter>
					<thingDefs>
						<li>ProgrammedMemoryDisk</li>
					</thingDefs>
				</filter>
				<count>1</count>
			</li>
		</ingredients>
		<products>
			<MechSerumResurrector>1</MechSerumResurrector>
		</products>
		<skillRequirements>
			<Crafting>16</Crafting>
			<Intellectual>8</Intellectual>
			<Medicine>8</Medicine>
		</skillRequirements>
		<researchPrerequisite>MechaniteApplication</researchPrerequisite>
		<workSkill>Crafting</workSkill>
		<recipeUsers>
			<li>FabricationBench</li>
		</recipeUsers>
	</RecipeDef>
	
		<RecipeDef>
		<defName>MakeMechSerumNeurotrainerDCS</defName>
		<label>Make Neurotrainer MechSerum</label>
		<description>Collect knowledges of a specific skill from several dead men's memories and reprint them into the reprogramed mechanites which can make these knowledges applicable for the living people.</description>
		<jobString>Making Neurotrainer MechSerum.</jobString>
		<workAmount>12550</workAmount>
		<workSpeedStat>SmithingSpeed</workSpeedStat>
		<effectWorking>Cook</effectWorking>
		<soundWorking>Recipe_Machining</soundWorking>
		<unfinishedThingDef>UnfinishedComponent</unfinishedThingDef>
		<ingredients>
			<li>
				<filter>
					<thingDefs>
						<li>ProgrammedMemoryDisk</li>
					</thingDefs>
				</filter>
				<count>3</count>
			</li>
			<li>
				<filter>
					<thingDefs>
						<li>ComponentSpacer</li>
					</thingDefs>
				</filter>
				<count>2</count>
			</li>
			<li>
				<filter>
					<thingDefs>
						<li>TrainedMechanites</li>
					</thingDefs>
				</filter>
				<count>1</count>
			</li>
			<li>
				<filter>
					<thingDefs>
						<li>MedicineUltratech</li>
					</thingDefs>
				</filter>
				<count>1</count>
			</li>
		</ingredients>
		<products>
			<MechSerumNeurotrainer>1</MechSerumNeurotrainer>
		</products>
		<skillRequirements>
			<Crafting>13</Crafting>
			<Intellectual>16</Intellectual>
		</skillRequirements>
		<researchPrerequisite>KnowledgeInfusion</researchPrerequisite>
		<workSkill>Crafting</workSkill>
		<recipeUsers>
			<li>FabricationBench</li>
		</recipeUsers>
	</RecipeDef>
		
</Defs>