﻿<?xml version="1.0" encoding="utf-8" ?>
<Defs>

	<RecipeDef>
		<defName>ScanCorpseBrain</defName>
		<label>Scan Corpse's Brain</label>
		<description>Scan the corpse's brain and reprint its memory and knowledge along with AI programs into a small digital disk. This work requires dexterous manipulation and smart intelligence.</description>
		<jobString>Scaning Corpse's Brain.</jobString>
		<workAmount>3050</workAmount>
		<workSpeedStat>SmithingSpeed</workSpeedStat>
		<effectWorking>Cook</effectWorking>
		<soundWorking>Recipe_Machining</soundWorking>
		<autoStripCorpses>true</autoStripCorpses>
		<workSkill>Intellectual</workSkill>
		<workSkillLearnFactor>2.00</workSkillLearnFactor>
		<skillRequirements> 
			<Crafting>8</Crafting>
			<Intellectual>13</Intellectual>
        </skillRequirements>
		<unfinishedThingDef>UnfinishedComponent</unfinishedThingDef>
		<ingredients>
			<li>
				<filter>
					<categories>
						<li>CorpsesHumanlike</li>
					</categories>
				</filter>
				<count>1</count>
			</li>
			<li>
				<filter>
					<thingDefs>
						<li>ComponentIndustrial</li>
					</thingDefs>
				</filter>
				<count>1</count>
			</li>
			<li>
				<filter>
					<thingDefs>
						<li>Steel</li>
					</thingDefs>
				</filter>
				<count>10</count>
			</li>
			<li>
				<filter>
					<thingDefs>
						<li>Plasteel</li>
					</thingDefs>
				</filter>
				<count>5</count>
			</li>
		</ingredients>
		<fixedIngredientFilter>
			<categories>
				<li>CorpsesHumanlike</li>
			</categories>
			<specialFiltersToDisallow>
				<li>AllowRotten</li>
			</specialFiltersToDisallow>
		</fixedIngredientFilter>
		<defaultIngredientFilter>
			<thingDefs>
				<li>Corpse_Human</li>
			</thingDefs>
			<specialFiltersToAllow>
				<li>AllowCorpsesColonist</li>
				<li>AllowCorpsesStranger</li>
			</specialFiltersToAllow>
		</defaultIngredientFilter>
		<products>
			<ProgrammedMemoryDisk>1</ProgrammedMemoryDisk>
		</products>
		<researchPrerequisite>BrainScanning</researchPrerequisite>
		<recipeUsers>
			<li>FabricationBench</li>
		</recipeUsers>
	</RecipeDef>


	<RecipeDef>
		<defName>ReplicateMemoryDisk</defName>
		<label>Replicate Memories</label>
		<description>Combine and remix memories from other disks to create new memories. It's not easy to avoid the conflicts and debug the made-up stories.</description>
		<jobString>Replicating Memory Disk</jobString>
		<workAmount>6550</workAmount>
		<workSpeedStat>SmithingSpeed</workSpeedStat>
		<effectWorking>Cook</effectWorking>
		<soundWorking>Recipe_Machining</soundWorking>
		<unfinishedThingDef>UnfinishedComponent</unfinishedThingDef>
		<ingredients>
			<li>
				<filter>
					<thingDefs>
						<li>ProgrammedMemoryDisk</li>
					</thingDefs>
				</filter>
				<count>4</count>
			</li>
			<li>
				<filter>
					<thingDefs>
						<li>ComponentIndustrial</li>
					</thingDefs>
				</filter>
				<count>1</count>
			</li>
			<li>
				<filter>
					<thingDefs>
						<li>Steel</li>
					</thingDefs>
				</filter>
				<count>10</count>
			</li>
			<li>
				<filter>
					<thingDefs>
						<li>Plasteel</li>
					</thingDefs>
				</filter>
				<count>5</count>
			</li>
		</ingredients>
		<products>
			<ProgrammedMemoryDisk>5</ProgrammedMemoryDisk>
		</products>
		<skillRequirements>
			<Crafting>8</Crafting>
			<Intellectual>14</Intellectual>
		</skillRequirements>
		<researchPrerequisite>MemoryModification</researchPrerequisite>
		<workSkill>Intellectual</workSkill>
		<recipeUsers>
			<li>FabricationBench</li>
		</recipeUsers>
	</RecipeDef>
	
	<RecipeDef>
		<defName>MakePsychicInsanityLanceDCS</defName>
		<label>Make Psychic Insanity Lance</label>
		<description>To make a device which can send mixed memories from several dead peoples into a living creature's brain. These chaotic memories will definitely draw the object to madness.</description>
		<jobString>Making Psychic Insanity Lance.</jobString>
		<workAmount>8550</workAmount>
		<workSpeedStat>SmithingSpeed</workSpeedStat>
		<effectWorking>Cook</effectWorking>
		<soundWorking>Recipe_Machining</soundWorking>
		<unfinishedThingDef>UnfinishedComponent</unfinishedThingDef>
		<ingredients>
			<li>
				<filter>
					<thingDefs>
						<li>ProgrammedMemoryDisk</li>
					</thingDefs>
				</filter>
				<count>3</count>
			</li>
			<li>
				<filter>
					<thingDefs>
						<li>ComponentSpacer</li>
					</thingDefs>
				</filter>
				<count>2</count>
			</li>
			<li>
				<filter>
					<thingDefs>
						<li>Steel</li>
					</thingDefs>
				</filter>
				<count>10</count>
			</li>
			<li>
				<filter>
					<thingDefs>
						<li>Plasteel</li>
					</thingDefs>
				</filter>
				<count>20</count>
			</li>
		</ingredients>
		<products>
			<PsychicInsanityLance>1</PsychicInsanityLance>
		</products>
		<skillRequirements>
			<Crafting>10</Crafting>
			<Intellectual>10</Intellectual>
			<Social>5</Social>
		</skillRequirements>
		<researchPrerequisite>PsychicInterference</researchPrerequisite>
		<workSkill>Crafting</workSkill>
		<recipeUsers>
			<li>FabricationBench</li>
		</recipeUsers>
	</RecipeDef>
	
	<RecipeDef>
		<defName>MakePsychicShockLanceDCS</defName>
		<label>Make Psychic Shock Lance</label>
		<description>To make a device which can send mixed memories from several dead peoples into a living creature's brain. These chaotic memories will drop the object into a state of psychic shock and probably cause brain damage.</description>
		<jobString>Making Psychic Insanity Lance.</jobString>
		<workAmount>8550</workAmount>
		<workSpeedStat>SmithingSpeed</workSpeedStat>
		<effectWorking>Cook</effectWorking>
		<soundWorking>Recipe_Machining</soundWorking>
		<unfinishedThingDef>UnfinishedComponent</unfinishedThingDef>
		<ingredients>
			<li>
				<filter>
					<thingDefs>
						<li>ProgrammedMemoryDisk</li>
					</thingDefs>
				</filter>
				<count>3</count>
			</li>
			<li>
				<filter>
					<thingDefs>
						<li>ComponentSpacer</li>
					</thingDefs>
				</filter>
				<count>2</count>
			</li>
			<li>
				<filter>
					<thingDefs>
						<li>Steel</li>
					</thingDefs>
				</filter>
				<count>15</count>
			</li>
			<li>
				<filter>
					<thingDefs>
						<li>Plasteel</li>
					</thingDefs>
				</filter>
				<count>15</count>
			</li>
		</ingredients>
		<products>
			<PsychicShockLance>1</PsychicShockLance>
		</products>
		<skillRequirements>
			<Crafting>10</Crafting>
			<Intellectual>10</Intellectual>
			<Social>5</Social>
		</skillRequirements>
		<researchPrerequisite>PsychicInterference</researchPrerequisite>
		<workSkill>Crafting</workSkill>
		<recipeUsers>
			<li>FabricationBench</li>
		</recipeUsers>
	</RecipeDef>
	
	<RecipeDef>
		<defName>MakePsychicSoothePulserDCS</defName>
		<label>Make Psychic Soothe Pulser</label>
		<description>To make a device which can send chosen peaceful memories from several dead peoples into living people's brains. These happy exotic emotions will make positive effects even if they don't know why.</description>
		<jobString>Making Psychic Soothe Pulser.</jobString>
		<workAmount>11550</workAmount>
		<workSpeedStat>SmithingSpeed</workSpeedStat>
		<effectWorking>Cook</effectWorking>
		<soundWorking>Recipe_Machining</soundWorking>
		<unfinishedThingDef>UnfinishedComponent</unfinishedThingDef>
		<ingredients>
			<li>
				<filter>
					<thingDefs>
						<li>ProgrammedMemoryDisk</li>
					</thingDefs>
				</filter>
				<count>4</count>
			</li>
			<li>
				<filter>
					<thingDefs>
						<li>ComponentSpacer</li>
					</thingDefs>
				</filter>
				<count>4</count>
			</li>
			<li>
				<filter>
					<thingDefs>
						<li>Steel</li>
					</thingDefs>
				</filter>
				<count>25</count>
			</li>
			<li>
				<filter>
					<thingDefs>
						<li>Plasteel</li>
					</thingDefs>
				</filter>
				<count>25</count>
			</li>
			<li>
				<filter>
					<thingDefs>
						<li>Uranium</li>
					</thingDefs>
				</filter>
				<count>5</count>
			</li>
		</ingredients>
		<products>
			<PsychicSoothePulser>1</PsychicSoothePulser>
		</products>
		<skillRequirements>
			<Crafting>13</Crafting>
			<Intellectual>13</Intellectual>
			<Social>7</Social>
		</skillRequirements>
		<researchPrerequisite>PsychicInterference</researchPrerequisite>
		<workSkill>Crafting</workSkill>
		<recipeUsers>
			<li>FabricationBench</li>
		</recipeUsers>
	</RecipeDef>
	
	<RecipeDef>
		<defName>MakePsychicAnimalPulserDCS</defName>
		<label>Make Psychic Animal Pulser</label>
		<description>To make a device which combines violent or hunting memories from several dead peoples and can connect to animals' brains. These frightened and threatened wild animals will hunt humans before humans hunt them.</description>
		<jobString>Making Psychic Animal Pulser.</jobString>
		<workAmount>10550</workAmount>
		<workSpeedStat>SmithingSpeed</workSpeedStat>
		<effectWorking>Cook</effectWorking>
		<soundWorking>Recipe_Machining</soundWorking>
		<unfinishedThingDef>UnfinishedComponent</unfinishedThingDef>
		<ingredients>
			<li>
				<filter>
					<thingDefs>
						<li>ProgrammedMemoryDisk</li>
					</thingDefs>
				</filter>
				<count>4</count>
			</li>
			<li>
				<filter>
					<thingDefs>
						<li>ComponentSpacer</li>
					</thingDefs>
				</filter>
				<count>3</count>
			</li>
			<li>
				<filter>
					<thingDefs>
						<li>Steel</li>
					</thingDefs>
				</filter>
				<count>25</count>
			</li>
			<li>
				<filter>
					<thingDefs>
						<li>Plasteel</li>
					</thingDefs>
				</filter>
				<count>20</count>
			</li>
			<li>
				<filter>
					<thingDefs>
						<li>Uranium</li>
					</thingDefs>
				</filter>
				<count>5</count>
			</li>
		</ingredients>
		<products>
			<PsychicAnimalPulser>1</PsychicAnimalPulser>
		</products>
		<skillRequirements>
			<Crafting>13</Crafting>
			<Intellectual>13</Intellectual>
			<Animals>6</Animals>
		</skillRequirements>
		<researchPrerequisite>PsychicInterference</researchPrerequisite>
		<workSkill>Crafting</workSkill>
		<recipeUsers>
			<li>FabricationBench</li>
		</recipeUsers>
	</RecipeDef>
	

	<RecipeDef>
		<defName>MakeTechprofSubpersonaCoreDCS</defName>
		<label>Make Techprof Subpersona Core</label>
		<description>It's impossible that people in Rimworld can invent such an advanced AI core. But with one to be the reference and some boughten technical supports, maybe we can combine the fragments of knowledges from the dead men's memories and make a patchwork of a new technology.</description>
		<jobString>Making Techprof Subpersona Core.</jobString>
		<workAmount>9000</workAmount>
		<workSpeedStat>SmithingSpeed</workSpeedStat>
		<effectWorking>Cook</effectWorking>
		<soundWorking>Recipe_Machining</soundWorking>
		<unfinishedThingDef>UnfinishedComponent</unfinishedThingDef>
		<ingredients>
			<li>
				<filter>
					<thingDefs>
						<li>ProgrammedMemoryDisk</li>
					</thingDefs>
				</filter>
				<count>7</count>
			</li>
			<li>
				<filter>
					<thingDefs>
						<li>ComponentSpacer</li>
					</thingDefs>
				</filter>
				<count>5</count>
			</li>
			<li>
				<filter>
					<thingDefs>
						<li>Plasteel</li>
					</thingDefs>
				</filter>
				<count>30</count>
			</li>
			<li>
				<filter>
					<thingDefs>
						<li>Silver</li>
					</thingDefs>
				</filter>
				<count>200</count>
			</li>
			<li>
				<filter>
					<thingDefs>
						<li>TechprofSubpersonaCore</li>
					</thingDefs>
				</filter>
				<count>1</count>
			</li>
		</ingredients>
		<products>
			<TechprofSubpersonaCore>2</TechprofSubpersonaCore>
		</products>
		<skillRequirements>
			<Crafting>17</Crafting>
			<Intellectual>14</Intellectual>
		</skillRequirements>
		<researchPrerequisite>KnowledgeInfusion</researchPrerequisite>
		<workSkill>Crafting</workSkill>
		<recipeUsers>
			<li>FabricationBench</li>
		</recipeUsers>
	</RecipeDef>
	
	<RecipeDef>
		<defName>MakeJoywireDCS</defName>
		<label>Make Joywire</label>
		<description>To make a brain implant which can release some modified happy memories from several dead peoples continuously.</description>
		<jobString>Making Joywire.</jobString>
		<workAmount>11550</workAmount>
		<workSpeedStat>SmithingSpeed</workSpeedStat>
		<effectWorking>Cook</effectWorking>
		<soundWorking>Recipe_Machining</soundWorking>
		<unfinishedThingDef>UnfinishedComponent</unfinishedThingDef>
		<ingredients>
			<li>
				<filter>
					<thingDefs>
						<li>ProgrammedMemoryDisk</li>
					</thingDefs>
				</filter>
				<count>4</count>
			</li>
			<li>
				<filter>
					<thingDefs>
						<li>ComponentSpacer</li>
					</thingDefs>
				</filter>
				<count>3</count>
			</li>
			<li>
				<filter>
					<thingDefs>
						<li>Plasteel</li>
					</thingDefs>
				</filter>
				<count>13</count>
			</li>
			<li>
				<filter>
					<thingDefs>
						<li>MedicineUltratech</li>
					</thingDefs>
				</filter>
				<count>2</count>
			</li>
		</ingredients>
		<products>
			<Joywire>1</Joywire>
		</products>
		<skillRequirements>
			<Crafting>16</Crafting>
			<Intellectual>12</Intellectual>
			<Medicine>5</Medicine>
		</skillRequirements>
		<researchPrerequisite>MemoryModification</researchPrerequisite>
		<workSkill>Crafting</workSkill>
		<recipeUsers>
			<li>FabricationBench</li>
		</recipeUsers>
	</RecipeDef>
	
</Defs>